"iso3c","country","date","out_of_pocket","gdp_percap","life_exp","health_exp_percap","diabetes"
"ABW","Aruba",2000,NA,21023.1575127316,73.569,NA,"12.1"
"ABW","Aruba",2001,NA,20913.2994971137,73.647,NA,NA
"ABW","Aruba",2002,NA,21377.0951851076,73.726,NA,NA
"ABW","Aruba",2003,NA,22050.8309318377,73.752,NA,NA
"ABW","Aruba",2004,NA,24104.6461765229,73.576,NA,NA
"ABW","Aruba",2005,NA,24975.6732567007,73.811,NA,NA
"ABW","Aruba",2006,NA,25833.445623022,74.026,NA,NA
"ABW","Aruba",2007,NA,27665.4264651752,74.21,NA,NA
"ABW","Aruba",2008,NA,29011.5592450359,74.147,NA,NA
"ABW","Aruba",2009,NA,25739.1372506975,74.56,NA,NA
"ABW","Aruba",2010,NA,24452.9283634427,75.404,NA,NA
"ABW","Aruba",2011,NA,26044.4359333351,75.465,NA,"12.4"
"ABW","Aruba",2012,NA,25609.9557239373,75.531,NA,NA
"ABW","Aruba",2013,NA,26515.678080228,75.636,NA,NA
"ABW","Aruba",2014,NA,26942.3079764655,75.601,NA,NA
"ABW","Aruba",2015,NA,28421.3864931862,75.683,NA,NA
"ABW","Aruba",2016,NA,28451.2737445083,75.617,NA,NA
"ABW","Aruba",2017,NA,29326.7080582111,75.903,NA,NA
"ABW","Aruba",2018,NA,30220.5945232395,76.072,NA,NA
"ABW","Aruba",2019,NA,31650.7605367511,76.248,NA,"4.3"
"ARG","Argentina",2000,29.10433197,7666.51783423783,73.926,1067.82861328,"-"
"ARG","Argentina",2001,29.47439766,7168.97587232911,74.186,1050.86181641,NA
"ARG","Argentina",2002,29.99389839,2579.48876933284,74.408,830.9619751,NA
"ARG","Argentina",2003,28.24989319,3333.15290388997,74.08,849.87982178,NA
"ARG","Argentina",2004,27.62963104,4258.16026060875,74.855,882.96453857,NA
"ARG","Argentina",2005,33.06813049,5086.62776073134,75.139,1032.68981934,NA
"ARG","Argentina",2006,32.41083908,5890.97800169795,75.433,1142.3605957,NA
"ARG","Argentina",2007,31.28629875,7210.59554755899,75.006,1298.18566895,NA
"ARG","Argentina",2008,30.2619133,8977.50685093365,75.641,1424.12219238,NA
"ARG","Argentina",2009,26.18709564,8184.38988923991,75.936,1544.61193848,NA
"ARG","Argentina",2010,26.78010178,10385.9644319555,75.721,1701.55761719,NA
"ARG","Argentina",2011,26.89295959,12848.8641969705,76.124,1817.20678711,"5.5"
"ARG","Argentina",2012,26.08745956,13082.664325572,76.467,1929.19482422,NA
"ARG","Argentina",2013,26.81741714,13080.2547323367,76.491,1969.39733887,NA
"ARG","Argentina",2014,27.04210854,12334.7982453893,76.755,1905.10473633,NA
"ARG","Argentina",2015,25.93237495,13789.060424772,76.76,2059.32861328,NA
"ARG","Argentina",2016,29.56861496,12790.2424732447,76.308,1831.53527832,NA
"ARG","Argentina",2017,25.84117699,14613.041824658,76.833,2470.10986328,NA
"ARG","Argentina",2018,27.72951698,11795.1593866287,76.999,2260.39575195,NA
"ARG","Argentina",2019,27.65851593,9963.6725062053,77.284,2198.88037109,"5.4"
"ATG","Antigua and Barbuda",2000,22.22428131,11010.1974601342,74.606,794.05975342,"-"
"ATG","Antigua and Barbuda",2001,22.74691391,10502.9388110146,75.078,879.44671631,NA
"ATG","Antigua and Barbuda",2002,22.74011803,10549.6661892802,75.536,865.61553955,NA
"ATG","Antigua and Barbuda",2003,23.21789169,10968.8926839103,75.478,974.47717285,NA
"ATG","Antigua and Barbuda",2004,24.31144524,11650.8484770858,75.672,957.78607178,NA
"ATG","Antigua and Barbuda",2005,27.07498169,12808.0101536637,75.825,1011.61096191,NA
"ATG","Antigua and Barbuda",2006,30.31648445,14310.6862347854,75.765,1073.6192627,NA
"ATG","Antigua and Barbuda",2007,32.52657318,16006.1361107498,76.131,1138.69885254,NA
"ATG","Antigua and Barbuda",2008,31.90914726,16457.1040632589,76.41,1078.98498535,NA
"ATG","Antigua and Barbuda",2009,25.27703667,14530.5986896353,76.669,937.0289917,NA
"ATG","Antigua and Barbuda",2010,24.68379784,13404.5160161036,76.82,1108.55407715,NA
"ATG","Antigua and Barbuda",2011,25.77301216,13117.1469408968,77.104,1107.54724121,"12.5"
"ATG","Antigua and Barbuda",2012,26.8955822,13686.4765853976,77.35,1073.8404541,NA
"ATG","Antigua and Barbuda",2013,26.76339149,13350.149136673,77.583,1035.53991699,NA
"ATG","Antigua and Barbuda",2014,25.34367752,14004.8112122163,77.858,1118.01074219,NA
"ATG","Antigua and Barbuda",2015,23.53068924,14861.8827074704,77.913,998.48590088,NA
"ATG","Antigua and Barbuda",2016,27.5195961,15862.6516627488,78.152,1020.27868652,NA
"ATG","Antigua and Barbuda",2017,26.5686245,16110.5562811025,78.268,967.30395508,NA
"ATG","Antigua and Barbuda",2018,23.66021156,17527.1696291931,78.511,1049.15600586,NA
"ATG","Antigua and Barbuda",2019,24.26510048,18319.4560540762,78.691,1016.4708252,"11.7"
"BHS","Bahamas, The",2000,27.22701454,24849.6064784902,72.041,1054.58325195,NA
"BHS","Bahamas, The",2001,28.23169327,25234.1441512502,72.11,1123.62683105,NA
"BHS","Bahamas, The",2002,28.80686188,26590.1401788013,72.232,1120.14135742,NA
"BHS","Bahamas, The",2003,28.64151382,26204.8804986853,72.402,1167.08081055,NA
"BHS","Bahamas, The",2004,29.60046577,26393.4139538137,72.478,1194.96289063,NA
"BHS","Bahamas, The",2005,30.36487389,28280.870835298,72.765,1246.21716309,NA
"BHS","Bahamas, The",2006,29.36036682,28829.8493750425,72.855,1380.5567627,NA
"BHS","Bahamas, The",2007,28.72886658,29687.865215033,72.678,1472.26269531,NA
"BHS","Bahamas, The",2008,27.804842,29013.6302870767,72.667,1556.63476563,NA
"BHS","Bahamas, The",2009,27.00976372,27120.6905452145,72.579,1564.98022461,NA
"BHS","Bahamas, The",2010,27.5947628,27046.6576651879,72.731,1615.97705078,NA
"BHS","Bahamas, The",2011,27.96329498,26644.9265775896,72.564,1659.36157227,NA
"BHS","Bahamas, The",2012,28.74634171,28059.6553953426,72.753,1713.53503418,NA
"BHS","Bahamas, The",2013,27.9325161,27389.6019706988,73.024,1782.0234375,NA
"BHS","Bahamas, The",2014,28.32532883,28720.6621934516,73.366,1847.06616211,NA
"BHS","Bahamas, The",2015,30.39039993,30206.2404347372,73.104,1747.15344238,NA
"BHS","Bahamas, The",2016,28.03924179,29887.1648786795,73.537,1919.68737793,NA
"BHS","Bahamas, The",2017,24.38473701,30969.8761966819,73.632,2398.94335938,NA
"BHS","Bahamas, The",2018,27.33548927,31738.2671569969,73.806,2248.73388672,NA
"BHS","Bahamas, The",2019,26.23400116,32610.4850490784,71.205,2227.64208984,NA
"BLZ","Belize",2000,37.30659866,4642.1470345998,68.564,219.25671387,"-"
"BLZ","Belize",2001,33.60850143,4687.62595727529,68.357,266.69070435,NA
"BLZ","Belize",2002,33.21638107,4816.65084555075,68.752,280.84768677,NA
"BLZ","Belize",2003,33.49906921,4916.70391442359,68.909,298.33917236,NA
"BLZ","Belize",2004,33.45681,5106.05303386642,69.227,303.56137085,NA
"BLZ","Belize",2005,31.96217155,5212.66161390994,69.376,311.95663452,NA
"BLZ","Belize",2006,28.96888542,5475.72290971811,70.093,333.03924561,NA
"BLZ","Belize",2007,24.89032936,5707.11336494231,70.655,390.86929321,NA
"BLZ","Belize",2008,22.9197731,5656.40836062302,71.151,428.67752075,NA
"BLZ","Belize",2009,24.34006882,5348.9978387566,71.819,429.5196228,NA
"BLZ","Belize",2010,24.62802124,5397.29157482319,72.272,429.19796753,NA
"BLZ","Belize",2011,24.53951073,5521.36627642336,72.651,439.22720337,"17.0"
"BLZ","Belize",2012,25.34549904,5645.89582239311,73.245,397.18496704,NA
"BLZ","Belize",2013,24.93612289,5887.93343545467,73.666,408.11782837,NA
"BLZ","Belize",2014,22.26491356,6068.08860885237,73.311,445.17614746,NA
"BLZ","Belize",2015,23.3705368,6142.47883269283,73.187,430.13583374,NA
"BLZ","Belize",2016,23.72737885,6148.70696109313,73.399,441.10983276,NA
"BLZ","Belize",2017,23.90150261,6100.99468097883,73.562,410.96783447,NA
"BLZ","Belize",2018,23.22352791,6059.16255306675,73.703,426.88500977,NA
"BLZ","Belize",2019,21.81062317,6210.56554311929,73.931,445.71801758,"14.5"
"BOL","Bolivia",2000,33.50730133,977.336055960911,62.346,151.10050964,NA
"BOL","Bolivia",2001,33.05337906,930.878079500256,62.843,169.11047363,NA
"BOL","Bolivia",2002,33.92093658,888.198576030752,63.306,175.3319397,NA
"BOL","Bolivia",2003,32.02861404,892.351496886714,63.635,191.12904358,NA
"BOL","Bolivia",2004,32.59438705,951.951622939377,64.004,187.88555908,NA
"BOL","Bolivia",2005,32.00019455,1018.3089276776,64.386,207.34643555,NA
"BOL","Bolivia",2006,32.26539612,1200.07058848844,64.779,202.067276,NA
"BOL","Bolivia",2007,30.76193619,1351.04292545957,65.027,214.91346741,NA
"BOL","Bolivia",2008,30.36822891,1687.58339321012,65.446,224.27857971,NA
"BOL","Bolivia",2009,30.09937668,1725.14628617645,65.88,258.02230835,NA
"BOL","Bolivia",2010,33.27740097,1922.0495309392,66.162,268.80987549,NA
"BOL","Bolivia",2011,32.50546265,2304.96983521132,66.534,282.46347046,NA
"BOL","Bolivia",2012,34.3583374,2562.46678423329,66.705,311.12036133,NA
"BOL","Bolivia",2013,34.0091629,2853.79716191598,67.021,369.30969238,NA
"BOL","Bolivia",2014,30.90435791,3022.46288443562,67.163,416.08087158,NA
"BOL","Bolivia",2015,27.32661629,2975.64881137847,67.318,467.31436157,NA
"BOL","Bolivia",2016,28.02112198,3013.5027077617,67.628,512.48425293,NA
"BOL","Bolivia",2017,25.07784653,3280.00821346382,67.701,546.71484375,NA
"BOL","Bolivia",2018,21.9814682,3471.00695064499,67.748,588.91369629,NA
"BOL","Bolivia",2019,23.86875534,3472.38083075685,67.841,630.75909424,NA
"BRA","Brazil",2000,36.59222031,3726.81142036099,69.737,755.17840576,"-"
"BRA","Brazil",2001,37.80702972,3142.27793491612,70.195,791.76177979,NA
"BRA","Brazil",2002,36.40619659,2824.679625276,70.41,832.12243652,NA
"BRA","Brazil",2003,35.47385788,3056.62496707108,70.72,797.09814453,NA
"BRA","Brazil",2004,35.36583328,3623.24799633539,71.131,848.67529297,NA
"BRA","Brazil",2005,35.87644196,4773.24894374558,71.753,883.00604248,NA
"BRA","Brazil",2006,34.37126541,5866.09622382995,72.037,960.44641113,NA
"BRA","Brazil",2007,33.09412003,7323.03362855509,72.365,1029.32397461,NA
"BRA","Brazil",2008,30.88409233,8801.59948420962,72.715,1066.5234375,NA
"BRA","Brazil",2009,31.21032143,8570.02256200077,72.948,1113.91650391,NA
"BRA","Brazil",2010,29.38520622,11249.464543278,73.182,1136.12316895,NA
"BRA","Brazil",2011,29.29958344,13200.7850823986,73.343,1171.34875488,"10.1"
"BRA","Brazil",2012,29.68203163,12327.3174365132,73.552,1164.03771973,NA
"BRA","Brazil",2013,28.1770668,12258.5031683848,73.918,1243.45043945,NA
"BRA","Brazil",2014,28.18024826,12071.1582132348,74.306,1319.8001709,NA
"BRA","Brazil",2015,24.70735931,8783.22598387817,74.332,1313.59729004,NA
"BRA","Brazil",2016,24.42057228,8680.76879182018,74.442,1307.14978027,NA
"BRA","Brazil",2017,24.46793556,9896.68478335903,74.827,1375.66247559,NA
"BRA","Brazil",2018,24.82529449,9121.08340257783,75.109,1438.76733398,NA
"BRA","Brazil",2019,24.87984657,8845.25911841876,75.338,1497.81469727,"8.8"
"BRB","Barbados",2000,39.37475586,11560.2459031879,74.089,677.41107178,"13.2"
"BRB","Barbados",2001,38.05859375,11510.0404330443,74.247,697.88104248,NA
"BRB","Barbados",2002,36.52173615,11658.629036798,74.366,755.38018799,NA
"BRB","Barbados",2003,35.93107986,11998.1756941147,74.472,893.5166626,NA
"BRB","Barbados",2004,33.58927155,12828.4389489954,74.727,1014.88604736,NA
"BRB","Barbados",2005,35.07392883,14173.7513776686,74.89,1002.8805542,NA
"BRB","Barbados",2006,35.38161087,15595.6394564112,75.068,1059.77661133,NA
"BRB","Barbados",2007,36.84221649,17219.0486803908,75.342,1018.6159668,NA
"BRB","Barbados",2008,35.45526886,17550.6633410971,75.447,1113.41687012,NA
"BRB","Barbados",2009,36.31340027,16310.4605337648,75.678,1170.5748291,NA
"BRB","Barbados",2010,38.08008957,16489.7958217909,75.712,1092.49572754,NA
"BRB","Barbados",2011,42.18822479,16907.2092592727,75.917,1124.89465332,"12.4"
"BRB","Barbados",2012,38.606987,16691.3326357636,76.099,1190.83874512,NA
"BRB","Barbados",2013,40.98610687,16893.6062702039,76.275,1149.43078613,NA
"BRB","Barbados",2014,43.79572678,16924.1903399365,76.476,1061.96179199,NA
"BRB","Barbados",2015,44.00276184,16990.2194668498,76.65,1050.83435059,NA
"BRB","Barbados",2016,44.0699234,17343.7254395315,76.815,1065.8458252,NA
"BRB","Barbados",2017,45.29132462,17843.1979282703,76.936,1045.56616211,NA
"BRB","Barbados",2018,46.51942825,18224.8905923744,77.067,1053.73498535,NA
"BRB","Barbados",2019,46.72623062,19002.9623813263,77.257,1028.8302002,"14.0"
"CHL","Chile",2000,42.81496811,5097.11493718915,76.87,672.11029053,"-"
"CHL","Chile",2001,42.61517334,4606.87847152539,76.773,713.14837646,NA
"CHL","Chile",2002,42.48400497,4479.15337213406,77.445,750.80285645,NA
"CHL","Chile",2003,42.76384735,4824.20309753765,77.387,795.02722168,NA
"CHL","Chile",2004,41.84412003,6185.50633517632,77.616,815.20770264,NA
"CHL","Chile",2005,42.47086716,7561.8305480446,78.016,839.83605957,NA
"CHL","Chile",2006,40.74997711,9418.0627175215,78.261,950.77801514,NA
"CHL","Chile",2007,39.18727493,10461.3654213132,77.826,1046.22192383,NA
"CHL","Chile",2008,37.43042755,10783.1715606341,78.484,1112.30090332,NA
"CHL","Chile",2009,34.58893967,10182.860471021,78.741,1164.97583008,NA
"CHL","Chile",2010,34.46762848,12767.7812065383,78.501,1230.44274902,NA
"CHL","Chile",2011,34.49925995,14628.5724573037,79.11,1377.5559082,"9.5"
"CHL","Chile",2012,33.40764236,15406.4929435446,79.023,1510.03894043,NA
"CHL","Chile",2013,33.63830948,15833.2752047998,79.339,1670.55578613,NA
"CHL","Chile",2014,34.26873016,14666.3435315712,79.473,1779.0222168,NA
"CHL","Chile",2015,34.50925827,13569.9478008231,79.746,1884.59069824,NA
"CHL","Chile",2016,34.75082779,13785.6883317516,80.079,1996.57116699,NA
"CHL","Chile",2017,33.30509567,15045.5276791243,80.35,2219.13549805,NA
"CHL","Chile",2018,33.24672699,15795.7084630954,80.133,2265.85986328,NA
"CHL","Chile",2019,32.80002594,14631.9468779229,80.326,2424.14916992,"10.8"
"COL","Colombia",2000,13.69103336,2547.14352840369,71.32,373.70169067,"-"
"COL","Colombia",2001,13.39813805,2465.2858516059,71.502,403.09939575,NA
"COL","Colombia",2002,11.48960781,2421.58705506087,71.939,398.79968262,NA
"COL","Colombia",2003,8.60398102,2305.08305772858,72.361,418.98571777,NA
"COL","Colombia",2004,13.75858498,2811.19787141394,72.695,448.68075562,NA
"COL","Colombia",2005,16.40795898,3448.98036486383,73.081,500.03945923,NA
"COL","Colombia",2006,17.93336868,3778.52665981682,73.468,566.74676514,NA
"COL","Colombia",2007,19.24852371,4760.98121037755,73.837,628.62506104,NA
"COL","Colombia",2008,20.85273552,5527.44995277183,74.295,689.51837158,NA
"COL","Colombia",2009,18.01454735,5244.353266184,74.742,742.59661865,NA
"COL","Colombia",2010,17.00355721,6394.19870546282,75.033,751.30706787,NA
"COL","Colombia",2011,15.31575489,7392.45236079278,75.32,779.00866699,"9.8"
"COL","Colombia",2012,17.85855293,8101.82909177914,75.597,802.7008667,NA
"COL","Colombia",2013,17.15289879,8264.1268955859,75.827,884.24035645,NA
"COL","Colombia",2014,16.27700996,8164.71449537797,76.043,946.68365479,NA
"COL","Colombia",2015,15.40105057,6228.4262990412,76.257,988.09460449,NA
"COL","Colombia",2016,15.61221027,5938.46385585875,76.471,1040.21240234,NA
"COL","Colombia",2017,15.36301041,6450.31958548124,76.646,1088.16516113,NA
"COL","Colombia",2018,15.1307478,6782.03792033195,76.748,1133.58605957,NA
"COL","Colombia",2019,14.85696125,6438.06018290435,76.752,1204.29772949,"8.3"
"CRI","Costa Rica",2000,31.57487297,3773.03379319679,77.586,516.6998291,"-"
"CRI","Costa Rica",2001,31.63286781,3941.59864349203,77.545,529.14001465,NA
"CRI","Costa Rica",2002,30.69062233,4021.42536130228,77.983,579.78436279,NA
"CRI","Costa Rica",2003,30.76501274,4123.5064871039,78.072,615.13592529,NA
"CRI","Costa Rica",2004,32.05981445,4376.08042847261,78.331,617.95123291,NA
"CRI","Costa Rica",2005,32.77381516,4643.45856992587,78.505,656.06164551,NA
"CRI","Costa Rica",2006,31.0769558,5188.36179215965,78.514,744.17987061,NA
"CRI","Costa Rica",2007,30.91247177,6055.08677891562,78.462,822.88250732,NA
"CRI","Costa Rica",2008,29.51094818,6841.91145979684,78.445,925.68487549,NA
"CRI","Costa Rica",2009,26.40225029,6737.86024507553,78.672,959.57635498,NA
"CRI","Costa Rica",2010,25.38431358,8147.24398481032,78.67,1032.44262695,NA
"CRI","Costa Rica",2011,25.78322983,9137.45582337247,79.348,1100.19750977,"9.6"
"CRI","Costa Rica",2012,24.5027504,9971.65090241867,79.283,1115.13464355,NA
"CRI","Costa Rica",2013,23.22566605,10633.2672527524,79.403,1152.79968262,NA
"CRI","Costa Rica",2014,24.41330528,10737.6788809612,78.774,1231.36047363,NA
"CRI","Costa Rica",2015,22.59923172,11529.9545258398,79.086,1297.52697754,NA
"CRI","Costa Rica",2016,22.20295143,11899.8132624909,79.459,1401.87182617,NA
"CRI","Costa Rica",2017,21.25539017,12118.1334111458,79.377,1439.77087402,NA
"CRI","Costa Rica",2018,22.4164238,12383.1499737386,79.484,1530.21887207,NA
"CRI","Costa Rica",2019,22.32456398,12669.341068679,79.427,1636.18237305,"8.8"
"CUB","Cuba",2000,16.22938156,2752.20378269319,76.183,547.91278076,"-"
"CUB","Cuba",2001,18.70623779,2844.24443674985,76.421,639.14074707,NA
"CUB","Cuba",2002,19.3773613,3007.19307369322,76.612,711.3026123,NA
"CUB","Cuba",2003,20.32512474,3205.68839767994,76.773,756.96990967,NA
"CUB","Cuba",2004,19.59809303,3403.29616311163,76.912,748.34783936,NA
"CUB","Cuba",2005,14.84367561,3791.87300608904,77.047,1069.45849609,NA
"CUB","Cuba",2006,14.26366234,4336.87332999361,77.179,1291.4005127,NA
"CUB","Cuba",2007,9.78314972,4814.85487568512,77.307,1842.79187012,NA
"CUB","Cuba",2008,8.83751297,4992.82449445836,77.429,1974.97924805,NA
"CUB","Cuba",2009,8.0996418,5094.43756186586,77.548,2192.34301758,NA
"CUB","Cuba",2010,9.18197155,5275.53260105122,77.661,2041.55041504,NA
"CUB","Cuba",2011,10.81637955,6106.0067919258,77.76,2170.57983398,"9.4"
"CUB","Cuba",2012,13.13097286,6467.33791422804,77.833,1888.16357422,NA
"CUB","Cuba",2013,12.27119064,6814.24384354868,77.87,2228.87915039,NA
"CUB","Cuba",2014,9.63887691,7117.52691001591,77.853,2706.48632813,NA
"CUB","Cuba",2015,9.62183094,7683.75789050585,77.772,3180.3605957,NA
"CUB","Cuba",2016,10.28543472,8055.88990736388,77.643,2493.62792969,NA
"CUB","Cuba",2017,10.48266411,8543.36096849045,77.529,2517.68164063,NA
"CUB","Cuba",2018,11.00801563,8831.90722233737,77.496,2519.29418945,NA
"CUB","Cuba",2019,10.5857048,9139.41585605765,77.611,2599.49316406,"7.6"
"CUW","Curacao",2000,NA,NA,NA,NA,NA
"CUW","Curacao",2001,NA,NA,NA,NA,NA
"CUW","Curacao",2002,NA,NA,NA,NA,NA
"CUW","Curacao",2003,NA,NA,NA,NA,NA
"CUW","Curacao",2004,NA,NA,NA,NA,NA
"CUW","Curacao",2005,NA,NA,NA,NA,NA
"CUW","Curacao",2006,NA,NA,74.709756097561,NA,NA
"CUW","Curacao",2007,NA,NA,75.3634146341464,NA,NA
"CUW","Curacao",2008,NA,NA,75.309756097561,NA,NA
"CUW","Curacao",2009,NA,NA,76.1560975609756,NA,NA
"CUW","Curacao",2010,NA,NA,NA,NA,NA
"CUW","Curacao",2011,NA,19446.4565747102,77.4731707317073,NA,NA
"CUW","Curacao",2012,NA,19886.6783682132,77.5243902439024,NA,NA
"CUW","Curacao",2013,NA,19762.739621629,77.8268292682927,NA,NA
"CUW","Curacao",2014,NA,19552.660553207,77.9756097560976,NA,NA
"CUW","Curacao",2015,NA,19260.269845345,78.0756097560976,NA,NA
"CUW","Curacao",2016,NA,18881.8306152417,77.719512195122,NA,NA
"CUW","Curacao",2017,NA,18788.8072839326,78.0170731707317,NA,NA
"CUW","Curacao",2018,NA,18956.0979741907,NA,NA,NA
"CUW","Curacao",2019,NA,19024.1771511889,NA,NA,NA
"CYM","Cayman Islands",2000,NA,NA,NA,NA,"12.1"
"CYM","Cayman Islands",2001,NA,NA,NA,NA,NA
"CYM","Cayman Islands",2002,NA,NA,NA,NA,NA
"CYM","Cayman Islands",2003,NA,NA,NA,NA,NA
"CYM","Cayman Islands",2004,NA,NA,NA,NA,NA
"CYM","Cayman Islands",2005,NA,NA,NA,NA,NA
"CYM","Cayman Islands",2006,NA,87187.650903508,NA,NA,NA
"CYM","Cayman Islands",2007,NA,89963.9224435374,NA,NA,NA
"CYM","Cayman Islands",2008,NA,89707.4530947906,NA,NA,NA
"CYM","Cayman Islands",2009,NA,81401.2530844567,NA,NA,NA
"CYM","Cayman Islands",2010,NA,76875.9618232493,82.190243902439,NA,NA
"CYM","Cayman Islands",2011,NA,75438.3300106746,NA,NA,"12.0"
"CYM","Cayman Islands",2012,NA,75468.8534358117,NA,NA,NA
"CYM","Cayman Islands",2013,NA,75688.0821511978,NA,NA,NA
"CYM","Cayman Islands",2014,NA,76613.4065500634,NA,NA,NA
"CYM","Cayman Islands",2015,NA,77298.6280551844,NA,NA,NA
"CYM","Cayman Islands",2016,NA,78861.1192668733,NA,NA,NA
"CYM","Cayman Islands",2017,NA,81258.0377580086,NA,NA,NA
"CYM","Cayman Islands",2018,NA,85234.8427208773,NA,NA,NA
"CYM","Cayman Islands",2019,NA,89871.9131394463,NA,NA,"13.0"
"DMA","Dominica",2000,33.02465439,4879.14977277925,NA,346.76785278,"-"
"DMA","Dominica",2001,41.1445694,4991.76417331157,NA,309.22753906,NA
"DMA","Dominica",2002,41.70457077,4881.13879312496,76.5975609756098,304.97219849,NA
"DMA","Dominica",2003,40.0802536,5016.08823691755,NA,342.66931152,NA
"DMA","Dominica",2004,40.67153931,5354.79919503019,NA,353.47186279,NA
"DMA","Dominica",2005,40.02454758,5304.12609656574,NA,383.70175171,NA
"DMA","Dominica",2006,39.92842484,5677.05117470908,NA,396.96710205,NA
"DMA","Dominica",2007,42.96026993,6126.84949580624,NA,433.95608521,NA
"DMA","Dominica",2008,44.35027695,6661.46504737997,NA,499.08010864,NA
"DMA","Dominica",2009,42.24050522,7109.9782527814,NA,490.53179932,NA
"DMA","Dominica",2010,38.80086899,7182.40020254419,NA,516.49279785,NA
"DMA","Dominica",2011,36.78412628,7288.49794777466,NA,544.13446045,"8.9"
"DMA","Dominica",2012,35.47105789,7054.87597689432,NA,576.25585938,NA
"DMA","Dominica",2013,35.36190796,7240.67911908479,NA,542.41448975,NA
"DMA","Dominica",2014,35.74480057,7498.91752183776,NA,574.21606445,NA
"DMA","Dominica",2015,34.0546875,7724.04241057376,NA,574.76049805,NA
"DMA","Dominica",2016,32.22554016,8223.04145029796,NA,612.25506592,NA
"DMA","Dominica",2017,28.55779266,7408.09130082314,NA,619.44891357,NA
"DMA","Dominica",2018,30.91319275,7833.19501250117,NA,735.91436768,NA
"DMA","Dominica",2019,33.85964203,8561.58701121461,NA,675.37414551,"11.7"
"DOM","Dominican Republic",2000,55.32014465,2845.8391666108,69.423,324.24505615,"-"
"DOM","Dominican Republic",2001,54.50362015,2953.24112018346,69.642,334.3140564,NA
"DOM","Dominican Republic",2002,53.45066833,3085.52552800157,69.923,357.2250061,NA
"DOM","Dominican Republic",2003,61.65138626,2399.49809124012,70.265,311.46817017,NA
"DOM","Dominican Republic",2004,62.25312424,2468.43767294515,70.331,316.08062744,NA
"DOM","Dominican Republic",2005,53.8765564,3903.8162379585,70.875,357.27047729,NA
"DOM","Dominican Republic",2006,54.74832535,4080.05002687348,71.165,363.74572754,NA
"DOM","Dominican Republic",2007,47.68967819,4676.07496287687,71.371,424.88534546,NA
"DOM","Dominican Republic",2008,43.60145569,5053.32457734602,71.658,495.73623657,NA
"DOM","Dominican Republic",2009,42.82118988,5002.14844186965,71.871,536.14593506,NA
"DOM","Dominican Republic",2010,43.91680527,5509.56683713904,72.093,636.62841797,NA
"DOM","Dominican Republic",2011,42.44412994,5859.37921671885,72.221,672.39691162,"8.1"
"DOM","Dominican Republic",2012,42.86167908,6049.47174094956,72.514,700.36914063,NA
"DOM","Dominican Republic",2013,42.18322372,6171.29556968327,72.713,719.48114014,NA
"DOM","Dominican Republic",2014,42.48417664,6533.66686007327,72.867,774.95141602,NA
"DOM","Dominican Republic",2015,42.85131073,6838.93659408348,72.953,852.70349121,NA
"DOM","Dominican Republic",2016,44.61641312,7191.07657188469,72.987,938.81793213,NA
"DOM","Dominican Republic",2017,44.73819733,7513.49134309925,73.063,975.77062988,NA
"DOM","Dominican Republic",2018,44.74538422,7947.15820732109,73.232,1040.1340332,NA
"DOM","Dominican Republic",2019,42.94845581,8173.33800656006,73.577,1140.03979492,"10.5"
"ECU","Ecuador",2000,63.58324814,1451.53088517998,72.839,194.50372314,"-"
"ECU","Ecuador",2001,60.97737122,1904.81367007224,73.24,228.74015808,NA
"ECU","Ecuador",2002,62.64143753,2184.209243808,73.613,283.26434326,NA
"ECU","Ecuador",2003,62.05472183,2438.34368429156,73.975,354.36846924,NA
"ECU","Ecuador",2004,60.87601089,2703.56567057465,74.279,396.18756104,NA
"ECU","Ecuador",2005,62.83395386,3014.3100093159,74.514,425.10095215,NA
"ECU","Ecuador",2006,60.95615768,3340.84090289849,74.689,458.40240479,NA
"ECU","Ecuador",2007,55.38709259,3579.03224391806,74.844,442.92028809,NA
"ECU","Ecuador",2008,54.79512024,4260.43318396471,74.983,475.65856934,NA
"ECU","Ecuador",2009,52.01762772,4240.70259271564,75.184,502.57952881,NA
"ECU","Ecuador",2010,47.34990692,4640.24634437845,75.43,556.01300049,NA
"ECU","Ecuador",2011,46.44909286,5202.65645902066,75.743,638.51135254,"6.6"
"ECU","Ecuador",2012,43.17629242,5678.45572070003,76.062,697.28253174,NA
"ECU","Ecuador",2013,38.03084564,6050.3546113274,76.369,758.59094238,NA
"ECU","Ecuador",2014,33.16307831,6374.6314856366,76.622,787.590271,NA
"ECU","Ecuador",2015,36.26529312,6130.58667556768,76.789,828.57769775,NA
"ECU","Ecuador",2016,33.14676285,6079.08873612077,76.763,803.28778076,NA
"ECU","Ecuador",2017,32.42952347,6246.40425217932,76.972,863.04669189,NA
"ECU","Ecuador",2018,30.46494484,6321.34940071717,77.094,931.47210693,NA
"ECU","Ecuador",2019,30.87841606,6233.25816692363,77.297,934.51940918,"4.4"
"GRD","Grenada",2000,59.30252838,4840.68406406257,72.783,409.46511841,"12.1"
"GRD","Grenada",2001,56.11627197,4821.78499467448,73.118,428.54727173,NA
"GRD","Grenada",2002,50.98685074,4992.44140704535,73.167,492.67498779,NA
"GRD","Grenada",2003,53.70714188,5435.15180621121,73.188,468.44598389,NA
"GRD","Grenada",2004,47.22589493,5470.60331451653,71.788,483.70001221,NA
"GRD","Grenada",2005,48.5816803,6308.66504213503,73.521,539.95318604,NA
"GRD","Grenada",2006,52.81490707,6295.28117153806,73.7,529.3269043,NA
"GRD","Grenada",2007,55.36963272,6790.63408004111,74.317,589.52990723,NA
"GRD","Grenada",2008,55.20097733,7343.44526962639,74.656,622.30029297,NA
"GRD","Grenada",2009,54.57839966,6810.44031784436,75.036,588.9005127,NA
"GRD","Grenada",2010,56.57120895,6760.96124360315,74.999,588.71307373,NA
"GRD","Grenada",2011,54.27904892,6775.7525011393,75.295,645.06774902,"8.6"
"GRD","Grenada",2012,54.76434708,6900.77178600369,75.042,650.12927246,NA
"GRD","Grenada",2013,55.12482071,7205.26838352312,75.116,668.83618164,NA
"GRD","Grenada",2014,51.89144516,7726.40965652867,74.985,622.54486084,NA
"GRD","Grenada",2015,53.97851944,8379.62184743156,75.013,657.64758301,NA
"GRD","Grenada",2016,55.74351501,8849.51353500776,74.762,666.91717529,NA
"GRD","Grenada",2017,55.11003113,9309.23066697663,74.765,755.16369629,NA
"GRD","Grenada",2018,54.91055298,9574.27987254478,74.808,787.51324463,NA
"GRD","Grenada",2019,54.42095566,9887.92074235834,74.863,879.50640869,"12.6"
"GTM","Guatemala",2000,58.98999023,1664.29895827045,67.446,273.99972534,"-"
"GTM","Guatemala",2001,62.31534576,1550.36036555447,67.946,315.03134155,NA
"GTM","Guatemala",2002,62.11329651,1682.99450068936,68.386,321.75152588,NA
"GTM","Guatemala",2003,61.62329483,1737.87928692973,68.797,335.21850586,NA
"GTM","Guatemala",2004,60.03531647,1859.098363351,69.165,349.47802734,NA
"GTM","Guatemala",2005,62.47687912,2068.50012859333,69.168,354.72064209,NA
"GTM","Guatemala",2006,61.51553345,2251.08796275499,69.812,389.55108643,NA
"GTM","Guatemala",2007,61.62371063,2490.74912665208,70.1,401.22015381,NA
"GTM","Guatemala",2008,59.04833603,2802.46196190125,70.356,406.46798706,NA
"GTM","Guatemala",2009,56.9231987,2651.81712283814,70.641,410.91308594,NA
"GTM","Guatemala",2010,58.94914246,2852.54732650116,70.878,403.26455688,NA
"GTM","Guatemala",2011,58.8792038,3228.0457411296,71.177,405.14837646,"9.3"
"GTM","Guatemala",2012,58.31991959,3355.03691881272,71.463,426.19485474,NA
"GTM","Guatemala",2013,54.61948013,3522.77370621475,71.728,414.60040283,NA
"GTM","Guatemala",2014,55.55548096,3779.64233613025,71.964,439.16339111,NA
"GTM","Guatemala",2015,55.72278595,3994.63691288475,72.103,471.4163208,NA
"GTM","Guatemala",2016,56.06058884,4173.30166619474,72.355,476.33374023,NA
"GTM","Guatemala",2017,54.13410568,4454.04814983548,72.551,485.63900757,NA
"GTM","Guatemala",2018,57.50035477,4485.73125489372,72.726,502.31750488,NA
"GTM","Guatemala",2019,55.9891777,4647.69334663252,73.129,529.12036133,"13.1"
"GUY","Guyana",2000,40.24978256,938.893297983287,64.483,160.96606445,"-"
"GUY","Guyana",2001,42.25862503,937.298157332009,64.788,162.47161865,NA
"GUY","Guyana",2002,40.30484009,955.030210470206,64.728,177.06997681,NA
"GUY","Guyana",2003,38.46101379,976.993429588339,64.6,183.41682434,NA
"GUY","Guyana",2004,37.14529419,1036.01987731035,64.93,197.27841187,NA
"GUY","Guyana",2005,35.11706161,1085.78488650781,65.132,217.1381073,NA
"GUY","Guyana",2006,35.29148102,3138.08272642719,65.667,243.71058655,NA
"GUY","Guyana",2007,32.98963165,3609.90792061468,66.254,286.27056885,NA
"GUY","Guyana",2008,35.32624817,4011.38755365136,66.288,294.57232666,NA
"GUY","Guyana",2009,32.84931946,4213.81622922287,66.563,316.85174561,NA
"GUY","Guyana",2010,34.74687195,4589.87324147321,66.743,331.39065552,NA
"GUY","Guyana",2011,34.81385803,4960.00472639074,66.982,375.72613525,"16.7"
"GUY","Guyana",2012,38.8962822,5461.39096662381,67.23,388.60412598,NA
"GUY","Guyana",2013,37.95722198,5576.24930990457,67.473,419.13549805,NA
"GUY","Guyana",2014,35.95363998,5495.37619674792,67.882,432.32339478,NA
"GUY","Guyana",2015,33.71472168,5668.42976474423,68.201,450.46878052,NA
"GUY","Guyana",2016,29.93546677,5905.38019563205,68.384,453.94885254,NA
"GUY","Guyana",2017,28.84054756,6220.97856820609,68.667,518.52423096,NA
"GUY","Guyana",2018,33.73039627,6094.90885870963,68.896,626.925354,NA
"GUY","Guyana",2019,34.83069611,6477.29672607993,69.124,673.56842041,"11.7"
"HND","Honduras",2000,45.94881821,1079.60748497786,68.662,162.42904663,"-"
"HND","Honduras",2001,52.52028275,1118.94270173505,69.006,157.07450867,NA
"HND","Honduras",2002,51.85142136,1119.42141314151,69.366,169.87011719,NA
"HND","Honduras",2003,48.32307053,1142.81082292611,69.507,194.61711121,NA
"HND","Honduras",2004,50.05726242,1201.24915380546,69.796,206.10496521,NA
"HND","Honduras",2005,49.06471634,1289.82599066969,70.104,240.80325317,NA
"HND","Honduras",2006,49.86248779,1409.58034504869,70.261,270.79003906,NA
"HND","Honduras",2007,49.799366,1559.88604406996,70.376,296.82513428,NA
"HND","Honduras",2008,51.41562271,1713.41435757299,70.441,328.38638306,NA
"HND","Honduras",2009,44.90908813,1762.34916029174,70.911,330.53103638,NA
"HND","Honduras",2010,46.26252747,1874.27170372599,71.088,329.68444824,NA
"HND","Honduras",2011,45.79560852,2053.96425516299,71.439,345.36843872,"6.7"
"HND","Honduras",2012,49.86003494,2107.35083070622,71.734,349.08297729,NA
"HND","Honduras",2013,49.25833511,2064.54840619818,71.963,351.14682007,NA
"HND","Honduras",2014,48.68778229,2164.42021860394,72.259,352.40264893,NA
"HND","Honduras",2015,50.66353607,2257.2227122596,72.487,360.97216797,NA
"HND","Honduras",2016,49.88451767,2295.53807949199,72.588,395.87393188,NA
"HND","Honduras",2017,49.82243347,2403.30445120081,72.692,388.78170776,NA
"HND","Honduras",2018,52.30599594,2457.68892139081,72.814,419.45022583,NA
"HND","Honduras",2019,52.60909653,2519.37019370185,72.881,435.68432617,"5.1"
"HTI","Haiti",2000,44.37343597,814.999304226415,58.365,82.9757843,"-"
"HTI","Haiti",2001,45.20529938,743.910232494406,58.489,78.28842926,NA
"HTI","Haiti",2002,48.17779922,699.428770193287,58.855,72.03754425,NA
"HTI","Haiti",2003,48.05615997,547.740964656159,59.507,74.79761505,NA
"HTI","Haiti",2004,46.48625946,673.65589744338,58.475,75.35343933,NA
"HTI","Haiti",2005,46.01601791,788.426635201802,60.415,77.4015274,NA
"HTI","Haiti",2006,43.06276703,811.339749693889,60.763,83.70173645,NA
"HTI","Haiti",2007,40.12002182,1010.82040511242,61.103,94.27574158,NA
"HTI","Haiti",2008,38.57956314,1095.03445218489,61.332,98.62801361,NA
"HTI","Haiti",2009,39.27423859,1191.80415583743,61.741,98.85169983,NA
"HTI","Haiti",2010,33.30967331,1204.86230440584,46.019,121.57972717,NA
"HTI","Haiti",2011,26.08627701,1306.84612967841,61.623,165.8739624,"6.6"
"HTI","Haiti",2012,28.43981743,1356.17288178571,62.291,153.71914673,NA
"HTI","Haiti",2013,36.24164581,1452.3121444609,62.605,121.19918823,NA
"HTI","Haiti",2014,31.01531219,1453.91747709273,62.987,134.05033875,NA
"HTI","Haiti",2015,33.9648819,1404.15521407257,63.237,147.11042786,NA
"HTI","Haiti",2016,35.29019165,1305.57129738556,63.392,148.26824951,NA
"HTI","Haiti",2017,39.94205093,1384.0383724393,63.854,142.71272278,NA
"HTI","Haiti",2018,44.34651566,1494.2249622283,64.019,140.22512817,NA
"HTI","Haiti",2019,43.29529953,1324.84400548618,64.255,143.45037842,"8.9"
"JAM","Jamaica",2000,29.62966537,3447.30389648976,70.944,358.76339722,"-"
"JAM","Jamaica",2001,38.41692352,3502.20931094435,70.758,336.89505005,NA
"JAM","Jamaica",2002,26.94148636,3683.89653342499,70.888,319.06741333,NA
"JAM","Jamaica",2003,34.57055664,3557.19898909739,70.806,297.77954102,NA
"JAM","Jamaica",2004,27.55827904,3819.28423090316,70.86,350.72024536,NA
"JAM","Jamaica",2005,29.14250755,4200.38996606953,71.044,343.35391235,NA
"JAM","Jamaica",2006,28.93594742,4435.56861030003,71.199,335.17871094,NA
"JAM","Jamaica",2007,31.1552906,4738.44717544773,71.418,439.22314453,NA
"JAM","Jamaica",2008,30.17660332,5056.25824455749,71.612,466.11260986,NA
"JAM","Jamaica",2009,22.96499443,4452.12181188603,72.124,410.01748657,NA
"JAM","Jamaica",2010,23.48548317,4835.79363761629,72.622,418.32125854,NA
"JAM","Jamaica",2011,22.03825569,5259.92948717911,73.094,427.41470337,"15.7"
"JAM","Jamaica",2012,21.75101471,5365.24229295272,73.433,399.95407104,NA
"JAM","Jamaica",2013,19.47788811,5143.72131166933,73.412,418.30178833,NA
"JAM","Jamaica",2014,21.41138077,4991.56551872824,72.982,441.40905762,NA
"JAM","Jamaica",2015,18.97229195,5077.55062188355,72.394,494.52767944,NA
"JAM","Jamaica",2016,17.93026733,5022.70471701644,72.02,524.14904785,NA
"JAM","Jamaica",2017,16.75218964,5273.15074381723,71.911,590.25799561,NA
"JAM","Jamaica",2018,16.77556801,5594.49393466948,71.793,595.9465332,NA
"JAM","Jamaica",2019,16.43760681,5626.17117652759,71.767,597.85394287,"11.1"
"KNA","St. Kitts and Nevis",2000,52.63879395,9275.98974602226,NA,784.14538574,NA
"KNA","St. Kitts and Nevis",2001,51.06950378,9973.5534513591,NA,759.43231201,NA
"KNA","St. Kitts and Nevis",2002,51.34532928,10398.5252825083,71.3365853658537,782.18304443,NA
"KNA","St. Kitts and Nevis",2003,50.64527893,10119.7447797779,NA,805.99884033,NA
"KNA","St. Kitts and Nevis",2004,46.12797928,10882.3529411765,NA,803.81591797,NA
"KNA","St. Kitts and Nevis",2005,47.98293304,11711.1547074094,NA,946.16345215,NA
"KNA","St. Kitts and Nevis",2006,50.0489769,13747.8093359819,NA,1049.1027832,NA
"KNA","St. Kitts and Nevis",2007,51.09035492,14660.9632071719,NA,1033.89562988,NA
"KNA","St. Kitts and Nevis",2008,56.86151505,16491.8850906212,NA,1269.9876709,NA
"KNA","St. Kitts and Nevis",2009,54.68262863,16374.256885994,NA,1213.31262207,NA
"KNA","St. Kitts and Nevis",2010,55.21491623,16427.6124108413,NA,1180.3026123,NA
"KNA","St. Kitts and Nevis",2011,55.53620529,17571.9805680294,NA,1201.61047363,NA
"KNA","St. Kitts and Nevis",2012,55.4070816,17311.6187824424,NA,1111.28686523,NA
"KNA","St. Kitts and Nevis",2013,56.48267365,18325.9657798775,NA,1165.0291748,NA
"KNA","St. Kitts and Nevis",2014,53.73818207,19945.4701725099,NA,1183.40612793,NA
"KNA","St. Kitts and Nevis",2015,57.08949661,20025.9623507165,NA,1271.2232666,NA
"KNA","St. Kitts and Nevis",2016,54.89627075,21095.2540386708,NA,1403.86340332,NA
"KNA","St. Kitts and Nevis",2017,53.38910675,22160.4486143567,NA,1419.1151123,NA
"KNA","St. Kitts and Nevis",2018,49.38157272,22547.9179898057,NA,1382.91430664,NA
"KNA","St. Kitts and Nevis",2019,46.36796951,23219.3314206225,NA,1506.5057373,NA
"LCA","St. Lucia",2000,58.86487961,5846.97550214791,70.768,450.46051025,NA
"LCA","St. Lucia",2001,56.8789978,5558.06937116326,71.135,463.73141479,NA
"LCA","St. Lucia",2002,56.90605164,5562.45712272635,71.472,493.94873047,NA
"LCA","St. Lucia",2003,59.63883209,6055.96795652424,71.771,506.57449341,NA
"LCA","St. Lucia",2004,57.44704056,6494.60034867886,72.028,503.63882446,NA
"LCA","St. Lucia",2005,55.9685173,6866.09238723686,72.245,522.1184082,NA
"LCA","St. Lucia",2006,58.68156433,7618.90541950613,72.465,595.38446045,NA
"LCA","St. Lucia",2007,63.93407059,7975.79254059155,72.599,660.77197266,NA
"LCA","St. Lucia",2008,59.58971405,8528.68208470429,72.698,637.98840332,NA
"LCA","St. Lucia",2009,57.42234421,8259.32233799025,72.722,639.31188965,NA
"LCA","St. Lucia",2010,54.76262665,8697.79762504482,72.72,625.3447876,NA
"LCA","St. Lucia",2011,55.60453033,9160.81447272594,72.944,681.44128418,NA
"LCA","St. Lucia",2012,51.6547699,9271.65949133441,72.882,654.35620117,NA
"LCA","St. Lucia",2013,52.07427597,9569.1221921205,72.735,693.88067627,NA
"LCA","St. Lucia",2014,51.95596695,10007.1468771353,72.864,654.40539551,NA
"LCA","St. Lucia",2015,49.56113434,10290.3789108118,73.138,620.80395508,NA
"LCA","St. Lucia",2016,51.21607971,10574.3889059563,73.112,702.050354,NA
"LCA","St. Lucia",2017,49.79442215,11270.4716144957,73.127,696.12921143,NA
"LCA","St. Lucia",2018,49.15345764,11563.837467004,73.357,690.31213379,NA
"LCA","St. Lucia",2019,46.25265121,11726.7697662964,73.445,697.71026611,NA
"MAF","St. Martin (French part)",2000,NA,NA,76.663,NA,NA
"MAF","St. Martin (French part)",2001,NA,NA,76.847,NA,NA
"MAF","St. Martin (French part)",2002,NA,NA,77.031,NA,NA
"MAF","St. Martin (French part)",2003,NA,NA,77.206,NA,NA
"MAF","St. Martin (French part)",2004,NA,NA,77.384,NA,NA
"MAF","St. Martin (French part)",2005,NA,NA,77.555,NA,NA
"MAF","St. Martin (French part)",2006,NA,NA,77.726,NA,NA
"MAF","St. Martin (French part)",2007,NA,NA,77.892,NA,NA
"MAF","St. Martin (French part)",2008,NA,NA,78.068,NA,NA
"MAF","St. Martin (French part)",2009,NA,NA,78.236,NA,NA
"MAF","St. Martin (French part)",2010,NA,NA,78.406,NA,NA
"MAF","St. Martin (French part)",2011,NA,21345.0032626377,78.827,NA,NA
"MAF","St. Martin (French part)",2012,NA,NA,79.022,NA,NA
"MAF","St. Martin (French part)",2013,NA,NA,78.908,NA,NA
"MAF","St. Martin (French part)",2014,NA,21920.8391927213,79.966,NA,NA
"MAF","St. Martin (French part)",2015,NA,NA,79.309,NA,NA
"MAF","St. Martin (French part)",2016,NA,NA,79.475,NA,NA
"MAF","St. Martin (French part)",2017,NA,NA,78.59,NA,NA
"MAF","St. Martin (French part)",2018,NA,NA,80.614,NA,NA
"MAF","St. Martin (French part)",2019,NA,NA,79.983,NA,NA
"MEX","Mexico",2000,52.22364044,7232.87880868278,73.569,493.3996582,"14.2"
"MEX","Mexico",2001,53.42838669,7613.17693215721,73.867,536.49951172,NA
"MEX","Mexico",2002,54.35933304,7650.89884967419,74.106,567.38885498,NA
"MEX","Mexico",2003,55.66365051,7120.3847701944,74.274,667.68884277,NA
"MEX","Mexico",2004,53.69269943,7525.46523432127,74.372,719.57452393,NA
"MEX","Mexico",2005,54.58955002,8321.85349288706,74.376,738.71514893,NA
"MEX","Mexico",2006,53.76395035,9125.42262440559,74.331,780.88769531,NA
"MEX","Mexico",2007,52.49715424,9719.92045203482,74.238,824.02886963,NA
"MEX","Mexico",2008,48.59585571,10119.8362111768,74.152,850.54614258,NA
"MEX","Mexico",2009,47.35383987,8104.90757907686,74.119,892.38903809,NA
"MEX","Mexico",2010,43.50876617,9399.97090779255,74.19,875.48480225,NA
"MEX","Mexico",2011,40.73421478,10341.5210484975,74.365,911.72601318,"15.6"
"MEX","Mexico",2012,40.64141083,10376.0576664423,74.574,972.31774902,NA
"MEX","Mexico",2013,39.87906647,10865.6802017218,74.739,1009.29071045,NA
"MEX","Mexico",2014,40.87202454,11076.0924511013,74.797,1002.76757813,NA
"MEX","Mexico",2015,41.04377365,9753.38004823861,74.682,1047.35351563,NA
"MEX","Mexico",2016,41.3722229,8875.06225558599,74.412,1073.13183594,NA
"MEX","Mexico",2017,41.78836441,9434.38648739127,74.138,1076.30554199,NA
"MEX","Mexico",2018,42.25703049,9857.02882925559,74.015,1089.60949707,NA
"MEX","Mexico",2019,42.12209702,10145.1701829207,74.202,1110.94433594,"16.9"
"NIC","Nicaragua",2000,43.88296509,996.89785199474,67.234,145.81025696,"-"
"NIC","Nicaragua",2001,40.38275528,1025.10850978461,67.215,158.24247742,NA
"NIC","Nicaragua",2002,45.29000092,993.38411432576,67.18,166.89889526,NA
"NIC","Nicaragua",2003,38.68910599,999.885953957977,67.217,182.37956238,NA
"NIC","Nicaragua",2004,41.55656815,1075.99856237763,67.423,193.73742676,NA
"NIC","Nicaragua",2005,39.16899109,1158.88336804158,67.936,211.17868042,NA
"NIC","Nicaragua",2006,41.98431396,1223.07285599541,68.725,228.29107666,NA
"NIC","Nicaragua",2007,41.94468689,1323.82982943004,69.559,265.8447876,NA
"NIC","Nicaragua",2008,40.90857697,1493.90454426773,70.586,284.86935425,NA
"NIC","Nicaragua",2009,38.31826782,1438.08682340939,71.433,293.63674927,NA
"NIC","Nicaragua",2010,37.48913193,1495.73718623095,72.009,306.94857788,NA
"NIC","Nicaragua",2011,37.83097076,1644.79935412236,72.416,317.59881592,"11.0"
"NIC","Nicaragua",2012,37.63622665,1746.42562649907,72.615,331.58126831,NA
"NIC","Nicaragua",2013,36.89557648,1794.78657461684,72.704,352.1668396,NA
"NIC","Nicaragua",2014,35.33010483,1913.52134831663,72.812,394.20755005,NA
"NIC","Nicaragua",2015,35.39279175,2025.32477597575,72.983,421.55221558,NA
"NIC","Nicaragua",2016,35.0157547,2079.44826647887,73.256,458.30136108,NA
"NIC","Nicaragua",2017,33.80630493,2127.28058532733,73.554,500.53924561,NA
"NIC","Nicaragua",2018,32.82304001,1981.85912037433,73.85,500.90435791,NA
"NIC","Nicaragua",2019,34.41120529,1890.27306467363,74.054,474.51919556,"9.3"
"PAN","Panama",2000,27.43955803,4099.00653989315,74.001,587.76098633,"-"
"PAN","Panama",2001,28.54668808,4084.2585357057,74.414,585.7890625,NA
"PAN","Panama",2002,29.21261787,4163.52195937827,74.824,608.07769775,NA
"PAN","Panama",2003,29.64668846,4304.10697986678,75.218,602.01849365,NA
"PAN","Panama",2004,28.97714996,4629.02931602921,75.544,689.18438721,NA
"PAN","Panama",2005,32.23935318,4953.12997978141,75.829,651.90930176,NA
"PAN","Panama",2006,29.90885735,5385.56424337546,76.012,758.74761963,NA
"PAN","Panama",2007,28.10987854,6205.82157550354,76.154,905.34661865,NA
"PAN","Panama",2008,28.2327137,7197.11078610101,76.225,984.08880615,NA
"PAN","Panama",2009,28.47826195,7618.43845900774,76.343,1007.86462402,NA
"PAN","Panama",2010,28.71008492,8124.55830734871,76.448,1073.63122559,NA
"PAN","Panama",2011,30.51382256,9403.43990821634,76.627,1115.81188965,"9.4"
"PAN","Panama",2012,34.16213608,10767.2931788172,76.819,1226.15673828,NA
"PAN","Panama",2013,32.31429291,11932.2862205866,77.038,1384.12109375,NA
"PAN","Panama",2014,30.44195557,12837.2479584282,77.248,1584.81506348,NA
"PAN","Panama",2015,30.2815609,13669.5594424097,77.468,1724.0032959,NA
"PAN","Panama",2016,28.14316177,14382.2323819969,77.653,2037.56298828,NA
"PAN","Panama",2017,29.18118858,15185.9724813803,77.795,2103.31445313,NA
"PAN","Panama",2018,28.70455933,15588.337328687,77.863,2308.34619141,NA
"PAN","Panama",2019,27.57014084,15826.0823544866,77.81,2490.94775391,"8.2"
"PER","Peru",2000,40.28141403,1941.318259717,70.424,216.82949829,"-"
"PER","Peru",2001,40.65113831,1925.97942030475,71.041,237.04524231,NA
"PER","Peru",2002,39.94067001,2003.97108061855,71.661,263.77532959,NA
"PER","Peru",2003,37.48875809,2126.13782387391,72.217,260.41156006,NA
"PER","Peru",2004,36.69317245,2393.66589710452,72.668,266.89074707,NA
"PER","Peru",2005,34.02100754,2702.23770075461,72.986,300.95953369,NA
"PER","Peru",2006,40.32965851,3123.32015935927,73.172,315.86846924,NA
"PER","Peru",2007,42.54204941,3572.36358879114,73.223,355.26745605,NA
"PER","Peru",2008,43.34994125,4184.88598248749,73.377,403.75073242,NA
"PER","Peru",2009,40.27629089,4164.97048299155,73.466,447.75610352,NA
"PER","Peru",2010,39.51350403,5047.24930726929,73.711,463.18875122,NA
"PER","Peru",2011,40.33462906,5826.83230656078,74.133,472.82217407,"6.0"
"PER","Peru",2012,38.86515808,6475.68607048931,74.544,511.00228882,NA
"PER","Peru",2013,35.08918381,6697.18526837489,74.967,540.26904297,NA
"PER","Peru",2014,31.56134415,6614.93333937211,75.333,577.32281494,NA
"PER","Peru",2015,29.93170547,6180.1949572907,75.621,580.97637939,NA
"PER","Peru",2016,29.3340683,6163.79102629697,75.789,606.987854,NA
"PER","Peru",2017,28.64072037,6676.28422114802,75.879,624.01586914,NA
"PER","Peru",2018,29.40898895,6912.11029696274,76.009,690.15594482,NA
"PER","Peru",2019,28.13241577,6955.80995882668,76.156,711.62536621,"4.8"
"PRI","Puerto Rico",2000,NA,16192.1269719638,75.977,NA,"-"
"PRI","Puerto Rico",2001,NA,18123.1987019918,76.456,NA,NA
"PRI","Puerto Rico",2002,NA,18731.4593897378,76.728,NA,NA
"PRI","Puerto Rico",2003,NA,19557.1202492358,76.874,NA,NA
"PRI","Puerto Rico",2004,NA,20988.9923326534,77.143,NA,NA
"PRI","Puerto Rico",2005,NA,21959.322696986,77.237,NA,NA
"PRI","Puerto Rico",2006,NA,22935.9411586313,77.415,NA,NA
"PRI","Puerto Rico",2007,NA,23664.8823485096,77.621,NA,NA
"PRI","Puerto Rico",2008,NA,24898.3345857045,77.841,NA,NA
"PRI","Puerto Rico",2009,NA,25768.7258883384,77.877,NA,NA
"PRI","Puerto Rico",2010,NA,26435.74878578,78.01,NA,NA
"PRI","Puerto Rico",2011,NA,27278.8830499205,78.316,NA,"13.0"
"PRI","Puerto Rico",2012,NA,27944.7338937424,78.461,NA,NA
"PRI","Puerto Rico",2013,NA,28513.1657351067,78.777,NA,NA
"PRI","Puerto Rico",2014,NA,28981.4573305866,78.929,NA,NA
"PRI","Puerto Rico",2015,NA,29763.4883013861,79.695,NA,NA
"PRI","Puerto Rico",2016,NA,30627.1634017011,80.27,NA,NA
"PRI","Puerto Rico",2017,NA,31108.7605697675,79.258,NA,NA
"PRI","Puerto Rico",2018,NA,31615.0667918433,79.77,NA,NA
"PRI","Puerto Rico",2019,NA,32916.866800639,79.063,NA,"13.3"
"PRY","Paraguay",2000,49.09693146,1728.34074341006,69.75,400.48007202,"-"
"PRY","Paraguay",2001,52.38962936,1630.1908460827,69.9,370.83856201,NA
"PRY","Paraguay",2002,56.0724678,1361.24928059287,70.025,313.53149414,NA
"PRY","Paraguay",2003,54.62833786,1436.76490433294,70.297,337.44714355,NA
"PRY","Paraguay",2004,56.95936584,1776.93225816866,70.481,356.27355957,NA
"PRY","Paraguay",2005,57.92465973,1960.51476554933,70.527,361.48059082,NA
"PRY","Paraguay",2006,56.72241974,2426.41709770871,70.781,399.55938721,NA
"PRY","Paraguay",2007,57.95808411,3194.26298162817,71.106,426.4901123,NA
"PRY","Paraguay",2008,60.46802521,4360.4291089526,71.384,458.42410278,NA
"PRY","Paraguay",2009,55.44544601,3920.18607071017,71.635,498.03701782,NA
"PRY","Paraguay",2010,53.92941666,4725.72634101583,71.887,546.65093994,NA
"PRY","Paraguay",2011,50.00537109,5776.2818479967,72.131,611.54693604,"6.5"
"PRY","Paraguay",2012,46.33087158,5617.10491786787,72.454,654.3671875,NA
"PRY","Paraguay",2013,47.50415039,6410.81470278733,72.757,670.86480713,NA
"PRY","Paraguay",2014,44.38643646,6629.41699277341,72.878,759.10656738,NA
"PRY","Paraguay",2015,43.80717468,5861.40189546648,73.191,768.63891602,NA
"PRY","Paraguay",2016,42.92160416,5759.04219789251,73.534,803.8538208,NA
"PRY","Paraguay",2017,43.77459717,6136.0583014952,73.644,832.11218262,NA
"PRY","Paraguay",2018,43.87631226,6242.96145417898,73.568,884.37475586,NA
"PRY","Paraguay",2019,41.62508392,5807.83879407975,73.621,950.14349365,"7.5"
"SLV","El Salvador",2000,51.68439102,1977.84061443838,69.865,396.9402771,"-"
"SLV","El Salvador",2001,50.60951233,2051.15877420114,69.598,401.96594238,NA
"SLV","El Salvador",2002,49.19662857,2106.73946874831,70.232,410.14849854,NA
"SLV","El Salvador",2003,48.6211319,2197.48200095937,70.14,404.15029907,NA
"SLV","El Salvador",2004,45.90970993,2273.95550275819,70.34,421.18692017,NA
"SLV","El Salvador",2005,42.68722534,2434.32353117029,70.44,440.80923462,NA
"SLV","El Salvador",2006,32.83423615,2651.43088765876,70.773,443.03607178,NA
"SLV","El Salvador",2007,35.39474487,2814.58988893523,71.108,444.79714966,NA
"SLV","El Salvador",2008,34.58769608,2964.172140237,71.424,464.74557495,NA
"SLV","El Salvador",2009,33.15838242,2889.68588721937,71.576,500.25164795,NA
"SLV","El Salvador",2010,32.74489594,3017.3073947577,71.848,504.64630127,NA
"SLV","El Salvador",2011,30.58425522,3304.97418347889,71.859,526.60687256,"9.4"
"SLV","El Salvador",2012,32.07555771,3471.05126865498,71.831,493.15969849,NA
"SLV","El Salvador",2013,28.23023796,3555.16209958481,71.771,530.80657959,NA
"SLV","El Salvador",2014,28.27172279,3638.51765819162,71.746,555.60797119,NA
"SLV","El Salvador",2015,27.83225441,3761.51368000275,71.814,579.72338867,NA
"SLV","El Salvador",2016,27.16887665,3870.31298246063,72.025,619.38922119,NA
"SLV","El Salvador",2017,29.19644928,3986.04901435439,72.311,609.76928711,NA
"SLV","El Salvador",2018,28.78990173,4145.86235103186,72.555,625.98577881,NA
"SLV","El Salvador",2019,28.37231827,4280.28840404719,72.559,656.70599365,"6.3"
"SUR","Suriname",2000,15.39642048,1978.44661083547,65.508,494.38250732,"-"
"SUR","Suriname",2001,27.32730865,1711.71446057638,65.482,330.66708374,NA
"SUR","Suriname",2002,23.0086174,2206.27290975194,65.531,483.16207886,NA
"SUR","Suriname",2003,23.54932213,2529.25942161,65.596,478.08190918,NA
"SUR","Suriname",2004,20.6982193,2906.72527754218,66.416,583.9699707,NA
"SUR","Suriname",2005,20.86314392,3474.0783625029,67.002,591.58831787,NA
"SUR","Suriname",2006,18.08366013,5031.15846462469,67.571,702.96221924,NA
"SUR","Suriname",2007,19.49966431,5562.33406798787,68.204,668.70263672,NA
"SUR","Suriname",2008,24.28281212,6616.8151257419,68.816,638.0390625,NA
"SUR","Suriname",2009,21.96848106,7176.85765780579,69.505,686.60180664,NA
"SUR","Suriname",2010,23.58067322,7999.55692873449,69.894,681.5423584,NA
"SUR","Suriname",2011,27.20149231,8009.25230244723,69.914,683.42932129,"8.9"
"SUR","Suriname",2012,28.27469635,8922.95618613502,69.764,724.15344238,NA
"SUR","Suriname",2013,27.87244606,9124.54109297075,69.682,807.9309082,NA
"SUR","Suriname",2014,28.98274994,9199.17789329145,69.782,835.66394043,NA
"SUR","Suriname",2015,21.99853134,8907.75122246823,70.8,999.57397461,NA
"SUR","Suriname",2016,21.83638763,5705.42696732652,71.592,902.65966797,NA
"SUR","Suriname",2017,26.37959099,6112.85117509336,72.417,973.22344971,NA
"SUR","Suriname",2018,19.83471107,6730.84688296393,72.553,1345.6862793,NA
"SUR","Suriname",2019,16.09253311,6690.04478601228,72.242,1680.1920166,"12.7"
"SXM","Sint Maarten (Dutch part)",2000,NA,NA,NA,NA,NA
"SXM","Sint Maarten (Dutch part)",2001,NA,NA,NA,NA,NA
"SXM","Sint Maarten (Dutch part)",2002,NA,NA,NA,NA,NA
"SXM","Sint Maarten (Dutch part)",2003,NA,NA,NA,NA,NA
"SXM","Sint Maarten (Dutch part)",2004,NA,NA,NA,NA,NA
"SXM","Sint Maarten (Dutch part)",2005,NA,NA,NA,NA,NA
"SXM","Sint Maarten (Dutch part)",2006,NA,NA,NA,NA,NA
"SXM","Sint Maarten (Dutch part)",2007,NA,NA,74.5439024390244,NA,NA
"SXM","Sint Maarten (Dutch part)",2008,NA,NA,74.5365853658537,NA,NA
"SXM","Sint Maarten (Dutch part)",2009,NA,NA,75.5878048780488,NA,NA
"SXM","Sint Maarten (Dutch part)",2010,NA,NA,NA,NA,NA
"SXM","Sint Maarten (Dutch part)",2011,NA,27997.2898302635,NA,NA,NA
"SXM","Sint Maarten (Dutch part)",2012,NA,28460.3326151186,73.0536585365854,NA,NA
"SXM","Sint Maarten (Dutch part)",2013,NA,27942.8805401415,NA,NA,NA
"SXM","Sint Maarten (Dutch part)",2014,NA,33043.6883812669,77.0682926829268,NA,NA
"SXM","Sint Maarten (Dutch part)",2015,NA,32274.8905524359,77.219512195122,NA,NA
"SXM","Sint Maarten (Dutch part)",2016,NA,31616.6816992667,78.2926829268293,NA,NA
"SXM","Sint Maarten (Dutch part)",2017,NA,29369.0568278169,NA,NA,NA
"SXM","Sint Maarten (Dutch part)",2018,NA,28988.2592085877,NA,NA,NA
"SXM","Sint Maarten (Dutch part)",2019,NA,NA,NA,NA,NA
"TCA","Turks and Caicos Islands",2000,NA,NA,73.575,NA,NA
"TCA","Turks and Caicos Islands",2001,NA,18323.8737358259,74.131,NA,NA
"TCA","Turks and Caicos Islands",2002,NA,17803.0828235751,75.54,NA,NA
"TCA","Turks and Caicos Islands",2003,NA,18848.7786926722,75.411,NA,NA
"TCA","Turks and Caicos Islands",2004,NA,21233.9323975688,76.786,NA,NA
"TCA","Turks and Caicos Islands",2005,NA,24115.2656803501,77.148,NA,NA
"TCA","Turks and Caicos Islands",2006,NA,28728.5697230181,76.831,NA,NA
"TCA","Turks and Caicos Islands",2007,NA,29446.0826861581,75.914,NA,NA
"TCA","Turks and Caicos Islands",2008,NA,31459.5434322807,76.632,NA,NA
"TCA","Turks and Caicos Islands",2009,NA,24602.9110248067,77.164,NA,NA
"TCA","Turks and Caicos Islands",2010,NA,23103.9426764449,76.243,NA,NA
"TCA","Turks and Caicos Islands",2011,NA,23649.7144340602,76.195,NA,NA
"TCA","Turks and Caicos Islands",2012,NA,22666.4069075154,77.037,NA,NA
"TCA","Turks and Caicos Islands",2013,NA,22451.5687325118,77.018,NA,NA
"TCA","Turks and Caicos Islands",2014,NA,24040.8746605688,77.135,NA,NA
"TCA","Turks and Caicos Islands",2015,NA,25783.2941047676,76.912,NA,NA
"TCA","Turks and Caicos Islands",2016,NA,26995.0321602259,76.864,NA,NA
"TCA","Turks and Caicos Islands",2017,NA,25659.1958638691,76.702,NA,NA
"TCA","Turks and Caicos Islands",2018,NA,26831.9714609396,76.443,NA,NA
"TCA","Turks and Caicos Islands",2019,NA,27795.1485608171,75.326,NA,NA
"TTO","Trinidad and Tobago",2000,57.34558868,6120.94270389706,69.102,626.67248535,"14.1"
"TTO","Trinidad and Tobago",2001,51.31262589,6592.77664795341,69.646,632.17095947,NA
"TTO","Trinidad and Tobago",2002,52.28602982,6692.80435504512,70.488,807.97259521,NA
"TTO","Trinidad and Tobago",2003,48.58372498,8352.46315761855,69.729,829.68902588,NA
"TTO","Trinidad and Tobago",2004,52.94176483,9756.50037102982,71.076,941.7769165,NA
"TTO","Trinidad and Tobago",2005,46.24819565,11673.7815403674,71.308,1053.68115234,NA
"TTO","Trinidad and Tobago",2006,49.32506561,13340.916273498,71.256,1146.92883301,NA
"TTO","Trinidad and Tobago",2007,49.28312302,15627.2868179082,71.652,1229.2220459,NA
"TTO","Trinidad and Tobago",2008,46.72016144,20011.1482740497,71.47,1133.41552734,NA
"TTO","Trinidad and Tobago",2009,47.51119995,13682.76361003,73.126,1640.21105957,NA
"TTO","Trinidad and Tobago",2010,46.56803131,15711.5587055513,72.725,1576.4777832,NA
"TTO","Trinidad and Tobago",2011,44.81612396,17910.319154168,73.278,1478.9642334,"12.7"
"TTO","Trinidad and Tobago",2012,44.68572998,18961.2335932644,73.716,1466.24133301,NA
"TTO","Trinidad and Tobago",2013,43.17301941,19821.5286451733,73.962,1511.95385742,NA
"TTO","Trinidad and Tobago",2014,42.83146667,20327.9834552237,74.215,1544.84777832,NA
"TTO","Trinidad and Tobago",2015,41.30602264,18389.5310320673,74.503,1665.3807373,NA
"TTO","Trinidad and Tobago",2016,43.11694336,15991.1087945367,74.281,1803.13806152,NA
"TTO","Trinidad and Tobago",2017,40.80586243,16094.6667814968,74.23,1842.55664063,NA
"TTO","Trinidad and Tobago",2018,44.88968658,16164.1613326627,73.802,1796.02966309,NA
"TTO","Trinidad and Tobago",2019,46.91281891,15690.9630955493,74.228,1834.96142578,"12.7"
"URY","Uruguay",2000,25.16670609,6932.47355035523,75.025,1026.14782715,"-"
"URY","Uruguay",2001,24.06306839,6331.16468272657,75.285,1070.82910156,NA
"URY","Uruguay",2002,21.69647217,4115.14816064344,75.54,991.47827148,NA
"URY","Uruguay",2003,21.35852051,3638.94139769575,75.785,1012.03387451,NA
"URY","Uruguay",2004,24.29566574,4130.1001146777,76.007,942.5748291,NA
"URY","Uruguay",2005,25.94186974,5233.45717058668,76.194,975.82910156,NA
"URY","Uruguay",2006,23.76896477,5893.37628956657,76.362,1043.54907227,NA
"URY","Uruguay",2007,23.36310577,7033.05111719873,76.498,1102.80419922,NA
"URY","Uruguay",2008,21.29285431,9102.2380807238,76.623,1303.21582031,NA
"URY","Uruguay",2009,20.75167656,9467.5341930907,76.738,1335.53527832,NA
"URY","Uruguay",2010,20.47283554,12015.7098522638,76.858,1445.29602051,NA
"URY","Uruguay",2011,19.43045425,14267.5843060166,76.983,1554.59814453,"5.7"
"URY","Uruguay",2012,18.46465111,15206.8726201223,77.111,1594.3984375,NA
"URY","Uruguay",2013,17.69369507,17015.1347609149,77.24,1687.26025391,NA
"URY","Uruguay",2014,17.09544182,16875.506193165,77.366,1762.25927734,NA
"URY","Uruguay",2015,16.92112923,15655.936997552,77.483,1821.24230957,NA
"URY","Uruguay",2016,16.43923569,16766.4252588402,77.571,1948.00439453,NA
"URY","Uruguay",2017,16.49806976,18769.787523012,77.625,2029.88684082,NA
"URY","Uruguay",2018,16.24662781,18825.2838068916,77.611,2158.2644043,NA
"URY","Uruguay",2019,15.46145821,17859.9314960921,77.508,2309.84277344,"9.0"
"VCT","St. Vincent and the Grenadines",2000,27.27936745,3760.08045686378,71.377,267.28091431,NA
"VCT","St. Vincent and the Grenadines",2001,28.61110878,4066.07063765132,71.938,277.81210327,NA
"VCT","St. Vincent and the Grenadines",2002,28.45888138,4299.37286779949,72.168,299.90292358,NA
"VCT","St. Vincent and the Grenadines",2003,30.435606,4500.92733395418,72.352,318.87927246,NA
"VCT","St. Vincent and the Grenadines",2004,32.75041962,4883.31366497216,73.035,331.55679321,NA
"VCT","St. Vincent and the Grenadines",2005,33.55260468,5176.12814656807,73.516,346.78857422,NA
"VCT","St. Vincent and the Grenadines",2006,34.94708633,5775.0917474952,74.017,366.86779785,NA
"VCT","St. Vincent and the Grenadines",2007,35.81621552,6439.00839769966,74.703,403.19302368,NA
"VCT","St. Vincent and the Grenadines",2008,34.43722916,6641.49587783512,75.053,429.37115479,NA
"VCT","St. Vincent and the Grenadines",2009,33.37075806,6503.09777184322,75.083,449.20019531,NA
"VCT","St. Vincent and the Grenadines",2010,32.23464203,6590.98957888616,74.718,461.41500854,NA
"VCT","St. Vincent and the Grenadines",2011,32.65782547,6566.482713176,74.596,460.12786865,NA
"VCT","St. Vincent and the Grenadines",2012,31.8572464,6754.37018395671,74.146,490.2824707,NA
"VCT","St. Vincent and the Grenadines",2013,33.02446747,7117.55476276649,73.798,498.44842529,NA
"VCT","St. Vincent and the Grenadines",2014,33.11443329,7210.61662343277,74.473,492.4569397,NA
"VCT","St. Vincent and the Grenadines",2015,30.76816559,7386.73759501693,74.407,475.56167603,NA
"VCT","St. Vincent and the Grenadines",2016,30.98622894,7684.77920839594,74.28,518.77807617,NA
"VCT","St. Vincent and the Grenadines",2017,29.49974823,8030.58505738777,74.305,529.55407715,NA
"VCT","St. Vincent and the Grenadines",2018,28.94285965,8399.69401112437,74.128,576.07800293,NA
"VCT","St. Vincent and the Grenadines",2019,29.11405945,8674.37100857481,72.835,620.29852295,NA
"VEN","Venezuela, RB",2000,41.25257874,4795.39966770598,72.478,862.45428467,NA
"VEN","Venezuela, RB",2001,41.49649429,4939.82947826047,71.201,957.15643311,NA
"VEN","Venezuela, RB",2002,41.18021011,3667.20019363107,72.662,854.65075684,NA
"VEN","Venezuela, RB",2003,34.45624542,3243.36880476351,71.94,767.23797607,NA
"VEN","Venezuela, RB",2004,31.3409481,4287.70714653739,72.514,828.07904053,NA
"VEN","Venezuela, RB",2005,36.56163788,5456.19187881074,72.782,827.31140137,NA
"VEN","Venezuela, RB",2006,27.48369217,6769.86841430715,72.742,1232.53991699,NA
"VEN","Venezuela, RB",2007,31.14585304,8369.23526829668,73.058,1303.35070801,NA
"VEN","Venezuela, RB",2008,38.13252258,11310.7781703527,72.436,1136.17138672,NA
"VEN","Venezuela, RB",2009,39.53265381,11641.7991472317,72.579,1286.42614746,NA
"VEN","Venezuela, RB",2010,38.45790482,13692.9149666211,72.89,1143.42358398,NA
"VEN","Venezuela, RB",2011,34.72499084,10877.1123638816,72.913,1257.97802734,NA
"VEN","Venezuela, RB",2012,29.07177544,12937.9275972349,73.036,1183.04711914,NA
"VEN","Venezuela, RB",2013,31.2794323,12433.9807853398,73.196,1043.44116211,NA
"VEN","Venezuela, RB",2014,29.78271484,15975.7293753361,72.853,1045.80285645,NA
"VEN","Venezuela, RB",2015,24.98777771,NA,73.006,744.75067139,NA
"VEN","Venezuela, RB",2016,27.74323273,NA,72.058,567.16375732,NA
"VEN","Venezuela, RB",2017,27.28955841,NA,71.943,589.04711914,NA
"VEN","Venezuela, RB",2018,20.26209068,NA,71.979,521.32598877,NA
"VEN","Venezuela, RB",2019,18.46409607,NA,72.161,384.50448608,NA
"VGB","British Virgin Islands",2000,NA,NA,73.966,NA,"12.1"
"VGB","British Virgin Islands",2001,NA,NA,73.846,NA,NA
"VGB","British Virgin Islands",2002,NA,NA,73.891,NA,NA
"VGB","British Virgin Islands",2003,NA,NA,73.986,NA,NA
"VGB","British Virgin Islands",2004,NA,NA,74.251,NA,NA
"VGB","British Virgin Islands",2005,NA,NA,74.723,NA,NA
"VGB","British Virgin Islands",2006,NA,NA,74.88,NA,NA
"VGB","British Virgin Islands",2007,NA,NA,75.039,NA,NA
"VGB","British Virgin Islands",2008,NA,NA,75.007,NA,NA
"VGB","British Virgin Islands",2009,NA,NA,75.26,NA,NA
"VGB","British Virgin Islands",2010,NA,NA,75.428,NA,NA
"VGB","British Virgin Islands",2011,NA,NA,75.486,NA,"8.6"
"VGB","British Virgin Islands",2012,NA,NA,75.532,NA,NA
"VGB","British Virgin Islands",2013,NA,NA,75.574,NA,NA
"VGB","British Virgin Islands",2014,NA,NA,75.612,NA,NA
"VGB","British Virgin Islands",2015,NA,NA,75.675,NA,NA
"VGB","British Virgin Islands",2016,NA,NA,75.724,NA,NA
"VGB","British Virgin Islands",2017,NA,NA,74.785,NA,NA
"VGB","British Virgin Islands",2018,NA,NA,75.831,NA,NA
"VGB","British Virgin Islands",2019,NA,NA,75.863,NA,"8.7"
"VIR","Virgin Islands (U.S.)",2000,NA,NA,76.619512195122,NA,NA
"VIR","Virgin Islands (U.S.)",2001,NA,NA,77.6219512195122,NA,NA
"VIR","Virgin Islands (U.S.)",2002,NA,30062.0225050457,77.5219512195122,NA,NA
"VIR","Virgin Islands (U.S.)",2003,NA,31731.2566241187,77.5219512195122,NA,NA
"VIR","Virgin Islands (U.S.)",2004,NA,35006.3614404514,77.7731707317073,NA,NA
"VIR","Virgin Islands (U.S.)",2005,NA,40828.7460927775,77.4219512195122,NA,NA
"VIR","Virgin Islands (U.S.)",2006,NA,41377.1466009652,78.3243902439024,NA,NA
"VIR","Virgin Islands (U.S.)",2007,NA,44158.5054044325,76.8634146341463,NA,NA
"VIR","Virgin Islands (U.S.)",2008,NA,39152.3750657306,77.1634146341463,NA,NA
"VIR","Virgin Islands (U.S.)",2009,NA,38753.1825393897,77.5146341463415,NA,NA
"VIR","Virgin Islands (U.S.)",2010,NA,39905.1284180994,77.8658536585366,NA,NA
"VIR","Virgin Islands (U.S.)",2011,NA,38997.1373164651,78.3170731707317,NA,NA
"VIR","Virgin Islands (U.S.)",2012,NA,37795.3192590675,78.5170731707317,NA,NA
"VIR","Virgin Islands (U.S.)",2013,NA,34597.9766940328,78.7170731707317,NA,NA
"VIR","Virgin Islands (U.S.)",2014,NA,33045.3643795999,78.8682926829268,NA,NA
"VIR","Virgin Islands (U.S.)",2015,NA,34007.3529411765,79.0170731707317,NA,NA
"VIR","Virgin Islands (U.S.)",2016,NA,35324.9748874586,79.1682926829268,NA,NA
"VIR","Virgin Islands (U.S.)",2017,NA,35365.0693039774,79.3682926829268,NA,NA
"VIR","Virgin Islands (U.S.)",2018,NA,36653.8630480089,79.5195121951219,NA,NA
"VIR","Virgin Islands (U.S.)",2019,NA,38596.0307118282,79.6682926829268,NA,NA
